,index,timestamp_actual,timestamp_pred
0,52261,2023-10-12 10:20:00,
1,52262,2023-10-12 10:30:00,
2,52263,2023-10-12 10:40:00,
3,52264,2023-10-12 10:50:00,
4,52265,2023-10-12 11:00:00,
5,52266,2023-10-12 11:10:00,
6,52267,2023-10-12 11:20:00,
7,52268,2023-10-12 11:30:00,
8,52269,2023-10-12 11:40:00,
9,52270,2023-10-12 11:50:00,
10,52271,2023-10-12 12:00:00,
11,52272,2023-10-12 12:10:00,
12,52273,2023-10-12 12:20:00,
13,52274,2023-10-12 12:30:00,
14,52275,2023-10-12 12:40:00,
15,52276,2023-10-12 12:50:00,
16,52277,2023-10-12 13:00:00,
17,52278,2023-10-12 13:10:00,
18,52279,2023-10-12 13:20:00,
19,52280,2023-10-12 13:30:00,
20,52281,2023-10-12 13:40:00,
21,52282,2023-10-12 13:50:00,
22,52283,2023-10-12 14:00:00,
23,52284,2023-10-12 14:10:00,
24,52285,2023-10-12 14:20:00,
25,52286,2023-10-12 14:30:00,
26,52287,2023-10-12 14:40:00,
27,52288,2023-10-12 14:50:00,
28,52289,2023-10-12 15:00:00,
29,52290,2023-10-12 15:10:00,
30,52291,2023-10-12 15:20:00,
31,52292,2023-10-12 15:30:00,
32,52293,2023-10-12 15:40:00,
33,52294,2023-10-12 15:50:00,
34,52295,2023-10-12 16:00:00,
35,52296,2023-10-12 16:10:00,
36,52297,2023-10-12 16:20:00,
37,52298,2023-10-12 16:30:00,
38,52299,2023-10-12 16:40:00,
39,52300,2023-10-12 16:50:00,
40,52301,2023-10-12 17:00:00,
41,52302,2023-10-12 17:10:00,
42,52303,2023-10-12 17:20:00,
43,52304,2023-10-12 17:30:00,
44,52305,2023-10-12 17:40:00,
45,52306,2023-10-12 17:50:00,
46,52307,2023-10-12 18:00:00,
47,52308,2023-10-12 18:10:00,
48,52309,2023-10-12 18:20:00,
49,52310,2023-10-12 18:30:00,
50,52311,2023-10-12 18:40:00,
51,52312,2023-10-12 18:50:00,
52,52313,2023-10-12 19:00:00,
53,52314,2023-10-12 19:10:00,
54,52315,2023-10-12 19:20:00,
55,52316,2023-10-12 19:30:00,
56,52317,2023-10-12 19:40:00,
57,52318,2023-10-12 19:50:00,
58,52319,2023-10-12 20:00:00,
59,52320,2023-10-12 20:10:00,
60,52321,2023-10-12 20:20:00,
61,52322,2023-10-12 20:30:00,
62,52323,2023-10-12 20:40:00,
63,52324,2023-10-12 20:50:00,
64,52325,2023-10-12 21:00:00,
65,52326,2023-10-12 21:10:00,
66,52327,2023-10-12 21:20:00,
67,52328,2023-10-12 21:30:00,
68,52329,2023-10-12 21:40:00,
69,52330,2023-10-12 21:50:00,
70,52331,2023-10-12 22:00:00,
71,52332,2023-10-12 22:10:00,
72,52333,2023-10-12 22:20:00,
73,52334,2023-10-12 22:30:00,
74,52335,2023-10-12 22:40:00,
75,52336,2023-10-12 22:50:00,
76,52337,2023-10-12 23:00:00,
77,52338,2023-10-12 23:10:00,
78,52339,2023-10-12 23:20:00,
79,52340,2023-10-12 23:30:00,
80,52341,2023-10-12 23:40:00,
81,52342,2023-10-12 23:50:00,
82,52343,2023-10-13 00:00:00,
83,52344,2023-10-13 00:10:00,
84,52345,2023-10-13 00:20:00,
85,52346,2023-10-13 00:30:00,
86,52347,2023-10-13 00:40:00,
87,52348,2023-10-13 00:50:00,
88,52349,2023-10-13 01:00:00,
89,52350,2023-10-13 01:10:00,
90,52351,2023-10-13 01:20:00,
91,52352,2023-10-13 01:30:00,
92,52353,2023-10-13 01:40:00,
93,52354,2023-10-13 01:50:00,
94,52355,2023-10-13 02:00:00,
95,52356,2023-10-13 02:10:00,
96,52357,2023-10-13 02:20:00,
97,52358,2023-10-13 02:30:00,
98,52359,2023-10-13 02:40:00,
99,52360,2023-10-13 02:50:00,
100,52361,2023-10-13 03:00:00,
101,52362,2023-10-13 03:10:00,
102,52363,2023-10-13 03:20:00,
103,52364,2023-10-13 03:30:00,
104,52365,2023-10-13 03:40:00,
105,52366,2023-10-13 03:50:00,
106,52367,2023-10-13 04:00:00,
107,52368,2023-10-13 04:10:00,
108,52369,2023-10-13 04:20:00,
109,52370,2023-10-13 04:30:00,
110,52371,2023-10-13 04:40:00,
111,52372,2023-10-13 04:50:00,
112,52373,2023-10-13 05:00:00,
113,52374,2023-10-13 05:10:00,
114,52375,2023-10-13 05:20:00,
115,52376,2023-10-13 05:30:00,
116,52377,2023-10-13 05:40:00,
117,52378,2023-10-13 05:50:00,
118,52379,2023-10-13 06:00:00,
119,52380,2023-10-13 06:10:00,
120,52381,2023-10-13 06:20:00,
121,52382,2023-10-13 06:30:00,
122,52383,2023-10-13 06:40:00,
123,52384,2023-10-13 06:50:00,
124,52385,2023-10-13 07:00:00,
125,52386,2023-10-13 07:10:00,
126,52387,2023-10-13 07:20:00,
127,52388,2023-10-13 07:30:00,
128,52389,2023-10-13 07:40:00,
129,52390,2023-10-13 07:50:00,
130,52391,2023-10-13 08:00:00,
131,52392,2023-10-13 08:10:00,
132,52393,2023-10-13 08:20:00,
133,52394,2023-10-13 08:30:00,
134,52395,2023-10-13 08:40:00,
135,52396,2023-10-13 08:50:00,
136,52397,2023-10-13 09:00:00,
137,52398,2023-10-13 09:10:00,
138,52399,2023-10-13 09:20:00,
139,52400,2023-10-13 09:30:00,
140,52401,2023-10-13 09:40:00,
141,52402,2023-10-13 09:50:00,
142,52403,2023-10-13 10:00:00,
143,52404,2023-10-13 10:10:00,
144,52405,2023-10-13 10:20:00,
145,52406,2023-10-13 10:30:00,
146,52407,2023-10-13 10:40:00,
147,52408,2023-10-13 10:50:00,
148,52409,2023-10-13 11:00:00,
149,52410,2023-10-13 11:10:00,
150,52411,2023-10-13 11:20:00,
151,52412,2023-10-13 11:30:00,
152,52413,2023-10-13 11:40:00,
153,52414,2023-10-13 11:50:00,
154,52415,2023-10-13 12:00:00,
155,52416,2023-10-13 12:10:00,
156,52417,2023-10-13 12:20:00,
157,52418,2023-10-13 12:30:00,
158,52419,2023-10-13 12:40:00,
159,52420,2023-10-13 12:50:00,
160,52421,2023-10-13 13:00:00,
161,52422,2023-10-13 13:10:00,
162,52423,2023-10-13 13:20:00,
163,52424,2023-10-13 13:30:00,
164,52425,2023-10-13 13:40:00,
165,52426,2023-10-13 13:50:00,
166,52427,2023-10-13 14:00:00,
167,52428,2023-10-13 14:10:00,
168,52429,2023-10-13 14:20:00,
169,52430,2023-10-13 14:30:00,
170,52431,2023-10-13 14:40:00,
171,52432,2023-10-13 14:50:00,
172,52433,2023-10-13 15:00:00,
173,52434,2023-10-13 15:10:00,
174,52435,2023-10-13 15:20:00,
175,52436,2023-10-13 15:30:00,
176,52437,2023-10-13 15:40:00,
177,52438,2023-10-13 15:50:00,
178,52439,2023-10-13 16:00:00,
179,52440,2023-10-13 16:10:00,
180,52441,2023-10-13 16:20:00,
181,52442,2023-10-13 16:30:00,
182,52443,2023-10-13 16:40:00,
183,52444,2023-10-13 16:50:00,
184,52445,2023-10-13 17:00:00,
185,52446,2023-10-13 17:10:00,
186,52447,2023-10-13 17:20:00,
187,52448,2023-10-13 17:30:00,
188,52449,2023-10-13 17:40:00,
189,52450,2023-10-13 17:50:00,
190,52451,2023-10-13 18:00:00,
191,52452,2023-10-13 18:10:00,
192,52453,2023-10-13 18:20:00,
193,52454,2023-10-13 18:30:00,
194,52455,2023-10-13 18:40:00,
195,52456,2023-10-13 18:50:00,
196,52457,2023-10-13 19:00:00,
197,52458,2023-10-13 19:10:00,
198,52459,2023-10-13 19:20:00,
199,52460,2023-10-13 19:30:00,
200,52461,2023-10-13 19:40:00,
201,52462,2023-10-13 19:50:00,
202,52463,2023-10-13 20:00:00,
203,52464,2023-10-13 20:10:00,
204,52465,2023-10-13 20:20:00,
205,52466,2023-10-13 20:30:00,
206,52467,2023-10-13 20:40:00,
207,52468,2023-10-13 20:50:00,
208,52469,2023-10-13 21:00:00,
209,52470,2023-10-13 21:10:00,
210,52471,2023-10-13 21:20:00,
211,52472,2023-10-13 21:30:00,
212,52473,2023-10-13 21:40:00,
213,52474,2023-10-13 21:50:00,
214,52475,2023-10-13 22:00:00,
215,52476,2023-10-13 22:10:00,
216,52477,2023-10-13 22:20:00,
217,52478,2023-10-13 22:30:00,
218,52479,2023-10-13 22:40:00,
219,52480,2023-10-13 22:50:00,
220,52481,2023-10-13 23:00:00,
221,52482,2023-10-13 23:10:00,
222,52483,2023-10-13 23:20:00,
223,52484,2023-10-13 23:30:00,
224,52485,2023-10-13 23:40:00,
225,52486,2023-10-13 23:50:00,
226,52487,2023-10-14 00:00:00,
227,52488,2023-10-14 00:10:00,
228,52489,2023-10-14 00:20:00,
229,52490,2023-10-14 00:30:00,
230,52491,2023-10-14 00:40:00,
231,52492,2023-10-14 00:50:00,
232,52493,2023-10-14 01:00:00,
233,52494,2023-10-14 01:10:00,
234,52495,2023-10-14 01:20:00,
235,52496,2023-10-14 01:30:00,
236,52497,2023-10-14 01:40:00,
237,52498,2023-10-14 01:50:00,
238,52499,2023-10-14 02:00:00,
239,52500,2023-10-14 02:10:00,
240,52501,2023-10-14 02:20:00,
241,52502,2023-10-14 02:30:00,
242,52503,2023-10-14 02:40:00,
243,52504,2023-10-14 02:50:00,
244,52505,2023-10-14 03:00:00,
245,52506,2023-10-14 03:10:00,
246,52507,2023-10-14 03:20:00,
247,52508,2023-10-14 03:30:00,
248,52509,2023-10-14 03:40:00,
249,52510,2023-10-14 03:50:00,
250,52511,2023-10-14 04:00:00,
251,52512,2023-10-14 04:10:00,
252,52513,2023-10-14 04:20:00,
253,52514,2023-10-14 04:30:00,
254,52515,2023-10-14 04:40:00,
255,52516,2023-10-14 04:50:00,
256,52517,2023-10-14 05:00:00,
257,52518,2023-10-14 05:10:00,
258,52519,2023-10-14 05:20:00,
259,52520,2023-10-14 05:30:00,
260,52521,2023-10-14 05:40:00,
261,52522,2023-10-14 05:50:00,
262,52523,2023-10-14 06:00:00,
263,52524,2023-10-14 06:10:00,
264,52525,2023-10-14 06:20:00,
265,52526,2023-10-14 06:30:00,
266,52527,2023-10-14 06:40:00,
267,52528,2023-10-14 06:50:00,
268,52529,2023-10-14 07:00:00,
269,52530,2023-10-14 07:10:00,
270,52531,2023-10-14 07:20:00,
271,52532,2023-10-14 07:30:00,
272,52533,2023-10-14 07:40:00,
273,52534,2023-10-14 07:50:00,
274,52535,2023-10-14 08:00:00,
275,52536,2023-10-14 08:10:00,2023-10-14 08:50:00
276,52537,2023-10-14 08:20:00,2023-10-14 09:00:00
277,52538,2023-10-14 08:30:00,2023-10-14 09:10:00
278,52539,2023-10-14 08:40:00,
279,52540,2023-10-14 08:50:00,
280,52541,2023-10-14 09:00:00,
281,52542,2023-10-14 09:10:00,
282,52543,2023-10-14 09:20:00,
283,52544,2023-10-14 09:30:00,
284,52545,2023-10-14 09:40:00,
285,52546,2023-10-14 09:50:00,
286,52547,2023-10-14 10:00:00,
287,52548,2023-10-14 10:10:00,
288,52549,2023-10-14 10:20:00,
289,52550,2023-10-14 10:30:00,2023-10-14 11:10:00
290,52551,2023-10-14 10:40:00,2023-10-14 11:20:00
291,52552,2023-10-14 10:50:00,2023-10-14 11:30:00
292,52553,2023-10-14 11:00:00,
293,52554,2023-10-14 11:10:00,
294,52555,2023-10-14 11:20:00,
295,52556,2023-10-14 11:30:00,
296,52557,2023-10-14 11:40:00,
297,52558,2023-10-14 11:50:00,
298,52559,2023-10-14 12:00:00,
299,52560,2023-10-14 12:10:00,
300,52561,2023-10-14 12:20:00,
301,52562,2023-10-14 12:30:00,
302,52563,2023-10-14 12:40:00,
303,52564,2023-10-14 12:50:00,
304,52565,2023-10-14 13:00:00,
305,52566,2023-10-14 13:10:00,
306,52567,2023-10-14 13:20:00,
307,52568,2023-10-14 13:30:00,
308,52569,2023-10-14 13:40:00,
309,52570,2023-10-14 13:50:00,
310,52571,2023-10-14 14:00:00,
311,52572,2023-10-14 14:10:00,
312,52573,2023-10-14 14:20:00,
313,52574,2023-10-14 14:30:00,
314,52575,2023-10-14 14:40:00,
315,52576,2023-10-14 14:50:00,
316,52577,2023-10-14 15:00:00,
317,52578,2023-10-14 15:10:00,
318,52579,2023-10-14 15:20:00,
319,52580,2023-10-14 15:30:00,
320,52581,2023-10-14 15:40:00,
321,52582,2023-10-14 15:50:00,
322,52583,2023-10-14 16:00:00,
323,52584,2023-10-14 16:10:00,
324,52585,2023-10-14 16:20:00,
325,52586,2023-10-14 16:30:00,
326,52587,2023-10-14 16:40:00,
327,52588,2023-10-14 16:50:00,
328,52589,2023-10-14 17:00:00,
329,52590,2023-10-14 17:10:00,
330,52591,2023-10-14 17:20:00,
331,52592,2023-10-14 17:30:00,
332,52593,2023-10-14 17:40:00,
333,52594,2023-10-14 17:50:00,
334,52595,2023-10-14 18:00:00,
335,52596,2023-10-14 18:10:00,
336,52597,2023-10-14 18:20:00,
337,52598,2023-10-14 18:30:00,
338,52599,2023-10-14 18:40:00,
339,52600,2023-10-14 18:50:00,
340,52601,2023-10-14 19:00:00,
341,52602,2023-10-14 19:10:00,
342,52603,2023-10-14 19:20:00,
343,52604,2023-10-14 19:30:00,
344,52605,2023-10-14 19:40:00,
345,52606,2023-10-14 19:50:00,
346,52607,2023-10-14 20:00:00,
347,52608,2023-10-14 20:10:00,
348,52609,2023-10-14 20:20:00,
349,52610,2023-10-14 20:30:00,
350,52611,2023-10-14 20:40:00,
351,52612,2023-10-14 20:50:00,
352,52613,2023-10-14 21:00:00,
353,52614,2023-10-14 21:10:00,
354,52615,2023-10-14 21:20:00,
355,52616,2023-10-14 21:30:00,
356,52617,2023-10-14 21:40:00,
357,52618,2023-10-14 21:50:00,
358,52619,2023-10-14 22:00:00,
359,52620,2023-10-14 22:10:00,
360,52621,2023-10-14 22:20:00,
361,52622,2023-10-14 22:30:00,
362,52623,2023-10-14 22:40:00,
363,52624,2023-10-14 22:50:00,
364,52625,2023-10-14 23:00:00,
365,52626,2023-10-14 23:10:00,
366,52627,2023-10-14 23:20:00,
367,52628,2023-10-14 23:30:00,
368,52629,2023-10-14 23:40:00,
369,52630,2023-10-14 23:50:00,
370,52631,2023-10-15 00:00:00,
371,52632,2023-10-15 00:10:00,
372,52633,2023-10-15 00:20:00,
373,52634,2023-10-15 00:30:00,
374,52635,2023-10-15 00:40:00,
375,52636,2023-10-15 00:50:00,
376,52637,2023-10-15 01:00:00,
377,52638,2023-10-15 01:10:00,
378,52639,2023-10-15 01:20:00,
379,52640,2023-10-15 01:30:00,
380,52641,2023-10-15 01:40:00,
381,52642,2023-10-15 01:50:00,
382,52643,2023-10-15 02:00:00,
383,52644,2023-10-15 02:10:00,
384,52645,2023-10-15 02:20:00,
385,52646,2023-10-15 02:30:00,
386,52647,2023-10-15 02:40:00,
387,52648,2023-10-15 02:50:00,
388,52649,2023-10-15 03:00:00,
389,52650,2023-10-15 03:10:00,
390,52651,2023-10-15 03:20:00,
391,52652,2023-10-15 03:30:00,
392,52653,2023-10-15 03:40:00,
393,52654,2023-10-15 03:50:00,
394,52655,2023-10-15 04:00:00,
395,52656,2023-10-15 04:10:00,
396,52657,2023-10-15 04:20:00,
397,52658,2023-10-15 04:30:00,
398,52659,2023-10-15 04:40:00,
399,52660,2023-10-15 04:50:00,
400,52661,2023-10-15 05:00:00,
401,52662,2023-10-15 05:10:00,
402,52663,2023-10-15 05:20:00,
403,52664,2023-10-15 05:30:00,
404,52665,2023-10-15 05:40:00,
405,52666,2023-10-15 05:50:00,
406,52667,2023-10-15 06:00:00,
407,52668,2023-10-15 06:10:00,
408,52669,2023-10-15 06:20:00,
409,52670,2023-10-15 06:30:00,
410,52671,2023-10-15 06:40:00,
411,52672,2023-10-15 06:50:00,
412,52673,2023-10-15 07:00:00,
413,52674,2023-10-15 07:10:00,
414,52675,2023-10-15 07:20:00,
415,52676,2023-10-15 07:30:00,
416,52677,2023-10-15 07:40:00,
417,52678,2023-10-15 07:50:00,
418,52679,2023-10-15 08:00:00,
419,52680,2023-10-15 08:10:00,
420,52681,2023-10-15 08:20:00,
421,52682,2023-10-15 08:30:00,
422,52683,2023-10-15 08:40:00,
423,52684,2023-10-15 08:50:00,
424,52685,2023-10-15 09:00:00,
425,52686,2023-10-15 09:10:00,
426,52687,2023-10-15 09:20:00,
427,52688,2023-10-15 09:30:00,
428,52689,2023-10-15 09:40:00,
429,52690,2023-10-15 09:50:00,
430,52691,2023-10-15 10:00:00,
431,52692,2023-10-15 10:10:00,
432,52693,2023-10-15 10:20:00,
433,52694,2023-10-15 10:30:00,
434,52695,2023-10-15 10:40:00,
435,52696,2023-10-15 10:50:00,
436,52697,2023-10-15 11:00:00,
437,52698,2023-10-15 11:10:00,
438,52699,2023-10-15 11:20:00,
439,52700,2023-10-15 11:30:00,
440,52701,2023-10-15 11:40:00,
441,52702,2023-10-15 11:50:00,
442,52703,2023-10-15 12:00:00,
443,52704,2023-10-15 12:10:00,
444,52705,2023-10-15 12:20:00,
445,52706,2023-10-15 12:30:00,
446,52707,2023-10-15 12:40:00,
447,52708,2023-10-15 12:50:00,
448,52709,2023-10-15 13:00:00,
449,52710,2023-10-15 13:10:00,
450,52711,2023-10-15 13:20:00,
451,52712,2023-10-15 13:30:00,
452,52713,2023-10-15 13:40:00,
453,52714,2023-10-15 13:50:00,
454,52715,2023-10-15 14:00:00,
455,52716,2023-10-15 14:10:00,
456,52717,2023-10-15 14:20:00,
457,52718,2023-10-15 14:30:00,
458,52719,2023-10-15 14:40:00,
459,52720,2023-10-15 14:50:00,
460,52721,2023-10-15 15:00:00,
461,52722,2023-10-15 15:10:00,
462,52723,2023-10-15 15:20:00,
463,52724,2023-10-15 15:30:00,
464,52725,2023-10-15 15:40:00,
465,52726,2023-10-15 15:50:00,
466,52727,2023-10-15 16:00:00,
467,52728,2023-10-15 16:10:00,
468,52729,2023-10-15 16:20:00,
469,52730,2023-10-15 16:30:00,
470,52731,2023-10-15 16:40:00,
471,52732,2023-10-15 16:50:00,
472,52733,2023-10-15 17:00:00,
473,52734,2023-10-15 17:10:00,
474,52735,2023-10-15 17:20:00,
475,52736,2023-10-15 17:30:00,
476,52737,2023-10-15 17:40:00,
477,52738,2023-10-15 17:50:00,
478,52739,2023-10-15 18:00:00,
479,52740,2023-10-15 18:10:00,
480,52741,2023-10-15 18:20:00,
481,52742,2023-10-15 18:30:00,
482,52743,2023-10-15 18:40:00,
483,52744,2023-10-15 18:50:00,
484,52745,2023-10-15 19:00:00,
485,52746,2023-10-15 19:10:00,
486,52747,2023-10-15 19:20:00,
487,52748,2023-10-15 19:30:00,
488,52749,2023-10-15 19:40:00,
489,52750,2023-10-15 19:50:00,
490,52751,2023-10-15 20:00:00,
491,52752,2023-10-15 20:10:00,
492,52753,2023-10-15 20:20:00,
493,52754,2023-10-15 20:30:00,
494,52755,2023-10-15 20:40:00,
495,52756,2023-10-15 20:50:00,
496,52757,2023-10-15 21:00:00,
497,52758,2023-10-15 21:10:00,
498,52759,2023-10-15 21:20:00,
499,52760,2023-10-15 21:30:00,
500,52761,2023-10-15 21:40:00,
501,52762,2023-10-15 21:50:00,
502,52763,2023-10-15 22:00:00,
503,52764,2023-10-15 22:10:00,
504,52765,2023-10-15 22:20:00,
505,52766,2023-10-15 22:30:00,
506,52767,2023-10-15 22:40:00,
507,52768,2023-10-15 22:50:00,
508,52769,2023-10-15 23:00:00,
509,52770,2023-10-15 23:10:00,
510,52771,2023-10-15 23:20:00,
511,52772,2023-10-15 23:30:00,
512,52773,2023-10-15 23:40:00,
513,52774,2023-10-15 23:50:00,
514,52775,2023-10-16 00:00:00,
515,52776,2023-10-16 00:10:00,
516,52777,2023-10-16 00:20:00,
517,52778,2023-10-16 00:30:00,
518,52779,2023-10-16 00:40:00,
519,52780,2023-10-16 00:50:00,
520,52781,2023-10-16 01:00:00,
521,52782,2023-10-16 01:10:00,
522,52783,2023-10-16 01:20:00,
523,52784,2023-10-16 01:30:00,
524,52785,2023-10-16 01:40:00,
525,52786,2023-10-16 01:50:00,
526,52787,2023-10-16 02:00:00,
527,52788,2023-10-16 02:10:00,
528,52789,2023-10-16 02:20:00,
529,52790,2023-10-16 02:30:00,
530,52791,2023-10-16 02:40:00,
531,52792,2023-10-16 02:50:00,
532,52793,2023-10-16 03:00:00,
533,52794,2023-10-16 03:10:00,
534,52795,2023-10-16 03:20:00,
535,52796,2023-10-16 03:30:00,
536,52797,2023-10-16 03:40:00,
537,52798,2023-10-16 03:50:00,
538,52799,2023-10-16 04:00:00,
539,52800,2023-10-16 04:10:00,
540,52801,2023-10-16 04:20:00,
541,52802,2023-10-16 04:30:00,
542,52803,2023-10-16 04:40:00,
543,52804,2023-10-16 04:50:00,
544,52805,2023-10-16 05:00:00,
545,52806,2023-10-16 05:10:00,
546,52807,2023-10-16 05:20:00,
547,52808,2023-10-16 05:30:00,
548,52809,2023-10-16 05:40:00,
549,52810,2023-10-16 05:50:00,
550,52811,2023-10-16 06:00:00,
551,52812,2023-10-16 06:10:00,
552,52813,2023-10-16 06:20:00,
553,52814,2023-10-16 06:30:00,
554,52815,2023-10-16 06:40:00,
555,52816,2023-10-16 06:50:00,
556,52817,2023-10-16 07:00:00,
557,52818,2023-10-16 07:10:00,
558,52819,2023-10-16 07:20:00,
559,52820,2023-10-16 07:30:00,
560,52821,2023-10-16 07:40:00,
561,52822,2023-10-16 07:50:00,
562,52823,2023-10-16 08:00:00,
563,52824,2023-10-16 08:10:00,
564,52825,2023-10-16 08:20:00,
565,52826,2023-10-16 08:30:00,
566,52827,2023-10-16 08:40:00,
567,52828,2023-10-16 08:50:00,
568,52829,2023-10-16 09:00:00,
569,52830,2023-10-16 09:10:00,
570,52831,2023-10-16 09:20:00,
571,52832,2023-10-16 09:30:00,
572,52833,2023-10-16 09:40:00,
573,52834,2023-10-16 09:50:00,
574,52835,2023-10-16 10:00:00,
575,52836,2023-10-16 10:10:00,
576,52837,2023-10-16 10:20:00,
577,52838,2023-10-16 10:30:00,
578,52839,2023-10-16 10:40:00,
579,52840,2023-10-16 10:50:00,
580,52841,2023-10-16 11:00:00,
581,52842,2023-10-16 11:10:00,
582,52843,2023-10-16 11:20:00,
583,52844,2023-10-16 11:30:00,
584,52845,2023-10-16 11:40:00,
585,52846,2023-10-16 11:50:00,
586,52847,2023-10-16 12:00:00,
587,52848,2023-10-16 12:10:00,
588,52849,2023-10-16 12:20:00,
589,52850,2023-10-16 12:30:00,
590,52851,2023-10-16 12:40:00,
591,52852,2023-10-16 12:50:00,
592,52853,2023-10-16 13:00:00,
593,52854,2023-10-16 13:10:00,
594,52855,2023-10-16 13:20:00,
595,52856,2023-10-16 13:30:00,
596,52857,2023-10-16 13:40:00,
597,52858,2023-10-16 13:50:00,
598,52859,2023-10-16 14:00:00,
599,52860,2023-10-16 14:10:00,
600,52861,2023-10-16 14:20:00,
601,52862,2023-10-16 14:30:00,
602,52863,2023-10-16 14:40:00,
603,52864,2023-10-16 14:50:00,
604,52865,2023-10-16 15:00:00,
605,52866,2023-10-16 15:10:00,
606,52867,2023-10-16 15:20:00,
607,52868,2023-10-16 15:30:00,
608,52869,2023-10-16 15:40:00,
609,52870,2023-10-16 15:50:00,
610,52871,2023-10-16 16:00:00,
611,52872,2023-10-16 16:10:00,
612,52873,2023-10-16 16:20:00,
613,52874,2023-10-16 16:30:00,
614,52875,2023-10-16 16:40:00,
615,52876,2023-10-16 16:50:00,
616,52877,2023-10-16 17:00:00,
617,52878,2023-10-16 17:10:00,
618,52879,2023-10-16 17:20:00,
619,52880,2023-10-16 17:30:00,
620,52881,2023-10-16 17:40:00,
621,52882,2023-10-16 17:50:00,
622,52883,2023-10-16 18:00:00,
623,52884,2023-10-16 18:10:00,
624,52885,2023-10-16 18:20:00,
625,52886,2023-10-16 18:30:00,
626,52887,2023-10-16 18:40:00,
627,52888,2023-10-16 18:50:00,
628,52889,2023-10-16 19:00:00,
629,52890,2023-10-16 19:10:00,
630,52891,2023-10-16 19:20:00,
631,52892,2023-10-16 19:30:00,
632,52893,2023-10-16 19:40:00,
633,52894,2023-10-16 19:50:00,
634,52895,2023-10-16 20:00:00,
635,52896,2023-10-16 20:10:00,
636,52897,2023-10-16 20:20:00,
637,52898,2023-10-16 20:30:00,
638,52899,2023-10-16 20:40:00,
639,52900,2023-10-16 20:50:00,
640,52901,2023-10-16 21:00:00,
641,52902,2023-10-16 21:10:00,
642,52903,2023-10-16 21:20:00,
643,52904,2023-10-16 21:30:00,
644,52905,2023-10-16 21:40:00,
645,52906,2023-10-16 21:50:00,
646,52907,2023-10-16 22:00:00,
647,52908,2023-10-16 22:10:00,
648,52909,2023-10-16 22:20:00,
649,52910,2023-10-16 22:30:00,
650,52911,2023-10-16 22:40:00,
651,52912,2023-10-16 22:50:00,
652,52913,2023-10-16 23:00:00,
653,52914,2023-10-16 23:10:00,
654,52915,2023-10-16 23:20:00,
655,52916,2023-10-16 23:30:00,
656,52917,2023-10-16 23:40:00,
657,52918,2023-10-16 23:50:00,
658,52919,2023-10-17 00:00:00,
659,52920,2023-10-17 00:10:00,
660,52921,2023-10-17 00:20:00,
661,52922,2023-10-17 00:30:00,
662,52923,2023-10-17 00:40:00,
663,52924,2023-10-17 00:50:00,
664,52925,2023-10-17 01:00:00,
665,52926,2023-10-17 01:10:00,
666,52927,2023-10-17 01:20:00,
667,52928,2023-10-17 01:30:00,
668,52929,2023-10-17 01:40:00,
669,52930,2023-10-17 01:50:00,
670,52931,2023-10-17 02:00:00,
671,52932,2023-10-17 02:10:00,
672,52933,2023-10-17 02:20:00,
673,52934,2023-10-17 02:30:00,
674,52935,2023-10-17 02:40:00,
675,52936,2023-10-17 02:50:00,
676,52937,2023-10-17 03:00:00,
677,52938,2023-10-17 03:10:00,
678,52939,2023-10-17 03:20:00,
679,52940,2023-10-17 03:30:00,
680,52941,2023-10-17 03:40:00,
681,52942,2023-10-17 03:50:00,
682,52943,2023-10-17 04:00:00,
683,52944,2023-10-17 04:10:00,
684,52945,2023-10-17 04:20:00,
685,52946,2023-10-17 04:30:00,
686,52947,2023-10-17 04:40:00,
687,52948,2023-10-17 04:50:00,
688,52949,2023-10-17 05:00:00,
689,52950,2023-10-17 05:10:00,
690,52951,2023-10-17 05:20:00,
691,52952,2023-10-17 05:30:00,
692,52953,2023-10-17 05:40:00,
693,52954,2023-10-17 05:50:00,
694,52955,2023-10-17 06:00:00,
695,52956,2023-10-17 06:10:00,
696,52957,2023-10-17 06:20:00,
697,52958,2023-10-17 06:30:00,
698,52959,2023-10-17 06:40:00,
699,52960,2023-10-17 06:50:00,
700,52961,2023-10-17 07:00:00,
701,52962,2023-10-17 07:10:00,
702,52963,2023-10-17 07:20:00,
703,52964,2023-10-17 07:30:00,
704,52965,2023-10-17 07:40:00,
705,52966,2023-10-17 07:50:00,
706,52967,2023-10-17 08:00:00,
707,52968,2023-10-17 08:10:00,
708,52969,2023-10-17 08:20:00,
709,52970,2023-10-17 08:30:00,
710,52971,2023-10-17 08:40:00,
711,52972,2023-10-17 08:50:00,
712,52973,2023-10-17 09:00:00,
713,52974,2023-10-17 09:10:00,
714,52975,2023-10-17 09:20:00,
715,52976,2023-10-17 09:30:00,
716,52977,2023-10-17 09:40:00,
717,52978,2023-10-17 09:50:00,
718,52979,2023-10-17 10:00:00,
719,52980,2023-10-17 10:10:00,
720,52981,2023-10-17 10:20:00,
721,52982,2023-10-17 10:30:00,
722,52983,2023-10-17 10:40:00,
723,52984,2023-10-17 10:50:00,
724,52985,2023-10-17 11:00:00,
725,52986,2023-10-17 11:10:00,
726,52987,2023-10-17 11:20:00,
727,52988,2023-10-17 11:30:00,
728,52989,2023-10-17 11:40:00,
729,52990,2023-10-17 11:50:00,
730,52991,2023-10-17 12:00:00,
731,52992,2023-10-17 12:10:00,
732,52993,2023-10-17 12:20:00,
733,52994,2023-10-17 12:30:00,
734,52995,2023-10-17 12:40:00,
735,52996,2023-10-17 12:50:00,
736,52997,2023-10-17 13:00:00,
737,52998,2023-10-17 13:10:00,
738,52999,2023-10-17 13:20:00,
739,53000,2023-10-17 13:30:00,
740,53001,2023-10-17 13:40:00,
741,53002,2023-10-17 13:50:00,
742,53003,2023-10-17 14:00:00,
743,53004,2023-10-17 14:10:00,
744,53005,2023-10-17 14:20:00,
745,53006,2023-10-17 14:30:00,
746,53007,2023-10-17 14:40:00,
747,53008,2023-10-17 14:50:00,
748,53009,2023-10-17 15:00:00,
749,53010,2023-10-17 15:10:00,
750,53011,2023-10-17 15:20:00,
751,53012,2023-10-17 15:30:00,
752,53013,2023-10-17 15:40:00,
753,53014,2023-10-17 15:50:00,
754,53015,2023-10-17 16:00:00,
755,53016,2023-10-17 16:10:00,
756,53017,2023-10-17 16:20:00,
757,53018,2023-10-17 16:30:00,
758,53019,2023-10-17 16:40:00,
759,53020,2023-10-17 16:50:00,
760,53021,2023-10-17 17:00:00,
761,53022,2023-10-17 17:10:00,
762,53023,2023-10-17 17:20:00,
763,53024,2023-10-17 17:30:00,
764,53025,2023-10-17 17:40:00,
765,53026,2023-10-17 17:50:00,
766,53027,2023-10-17 18:00:00,
767,53028,2023-10-17 18:10:00,
768,53029,2023-10-17 18:20:00,
769,53030,2023-10-17 18:30:00,
770,53031,2023-10-17 18:40:00,
771,53032,2023-10-17 18:50:00,
772,53033,2023-10-17 19:00:00,
773,53034,2023-10-17 19:10:00,
774,53035,2023-10-17 19:20:00,
775,53036,2023-10-17 19:30:00,
776,53037,2023-10-17 19:40:00,
777,53038,2023-10-17 19:50:00,
778,53039,2023-10-17 20:00:00,
779,53040,2023-10-17 20:10:00,
780,53041,2023-10-17 20:20:00,
781,53042,2023-10-17 20:30:00,
782,53043,2023-10-17 20:40:00,
783,53044,2023-10-17 20:50:00,
784,53045,2023-10-17 21:00:00,
785,53046,2023-10-17 21:10:00,
786,53047,2023-10-17 21:20:00,
787,53048,2023-10-17 21:30:00,
788,53049,2023-10-17 21:40:00,
789,53050,2023-10-17 21:50:00,
790,53051,2023-10-17 22:00:00,
791,53052,2023-10-17 22:10:00,
792,53053,2023-10-17 22:20:00,
793,53054,2023-10-17 22:30:00,
794,53055,2023-10-17 22:40:00,
795,53056,2023-10-17 22:50:00,
796,53057,2023-10-17 23:00:00,
797,53058,2023-10-17 23:10:00,
798,53059,2023-10-17 23:20:00,
799,53060,2023-10-17 23:30:00,
800,53061,2023-10-17 23:40:00,
801,53062,2023-10-17 23:50:00,
802,53063,2023-10-18 00:00:00,
803,53064,2023-10-18 00:10:00,
804,53065,2023-10-18 00:20:00,
805,53066,2023-10-18 00:30:00,
806,53067,2023-10-18 00:40:00,
807,53068,2023-10-18 00:50:00,
808,53069,2023-10-18 01:00:00,
809,53070,2023-10-18 01:10:00,
810,53071,2023-10-18 01:20:00,
811,53072,2023-10-18 01:30:00,
812,53073,2023-10-18 01:40:00,
813,53074,2023-10-18 01:50:00,
814,53075,2023-10-18 02:00:00,
815,53076,2023-10-18 02:10:00,
816,53077,2023-10-18 02:20:00,
817,53078,2023-10-18 02:30:00,
818,53079,2023-10-18 02:40:00,
819,53080,2023-10-18 02:50:00,
820,53081,2023-10-18 03:00:00,
821,53082,2023-10-18 03:10:00,
822,53083,2023-10-18 03:20:00,
823,53084,2023-10-18 03:30:00,
824,53085,2023-10-18 03:40:00,
825,53086,2023-10-18 03:50:00,
826,53087,2023-10-18 04:00:00,
827,53088,2023-10-18 04:10:00,
828,53089,2023-10-18 04:20:00,
829,53090,2023-10-18 04:30:00,
830,53091,2023-10-18 04:40:00,
831,53092,2023-10-18 04:50:00,
832,53093,2023-10-18 05:00:00,
833,53094,2023-10-18 05:10:00,
834,53095,2023-10-18 05:20:00,
835,53096,2023-10-18 05:30:00,
836,53097,2023-10-18 05:40:00,
837,53098,2023-10-18 05:50:00,
838,53099,2023-10-18 06:00:00,
839,53100,2023-10-18 06:10:00,
840,53101,2023-10-18 06:20:00,
841,53102,2023-10-18 06:30:00,
842,53103,2023-10-18 06:40:00,
843,53104,2023-10-18 06:50:00,
844,53105,2023-10-18 07:00:00,
845,53106,2023-10-18 07:10:00,
846,53107,2023-10-18 07:20:00,
847,53108,2023-10-18 07:30:00,
848,53109,2023-10-18 07:40:00,
849,53110,2023-10-18 07:50:00,
850,53111,2023-10-18 08:00:00,
851,53112,2023-10-18 08:10:00,
852,53113,2023-10-18 08:20:00,
853,53114,2023-10-18 08:30:00,
854,53115,2023-10-18 08:40:00,
855,53116,2023-10-18 08:50:00,
856,53117,2023-10-18 09:00:00,
857,53118,2023-10-18 09:10:00,
858,53119,2023-10-18 09:20:00,
859,53120,2023-10-18 09:30:00,
860,53121,2023-10-18 09:40:00,
861,53122,2023-10-18 09:50:00,
862,53123,2023-10-18 10:00:00,
863,53124,2023-10-18 10:10:00,
864,53125,2023-10-18 10:20:00,
865,53126,2023-10-18 10:30:00,
866,53127,2023-10-18 10:40:00,
867,53128,2023-10-18 10:50:00,
868,53129,2023-10-18 11:00:00,
869,53130,2023-10-18 11:10:00,
870,53131,2023-10-18 11:20:00,
871,53132,2023-10-18 11:30:00,
872,53133,2023-10-18 11:40:00,
873,53134,2023-10-18 11:50:00,
874,53135,2023-10-18 12:00:00,
875,53136,2023-10-18 12:10:00,
876,53137,2023-10-18 12:20:00,
877,53138,2023-10-18 12:30:00,
878,53139,2023-10-18 12:40:00,
879,53140,2023-10-18 12:50:00,
880,53141,2023-10-18 13:00:00,
881,53142,2023-10-18 13:10:00,
882,53143,2023-10-18 13:20:00,
883,53144,2023-10-18 13:30:00,
884,53145,2023-10-18 13:40:00,
885,53146,2023-10-18 13:50:00,
886,53147,2023-10-18 14:00:00,
887,53148,2023-10-18 14:10:00,
888,53149,2023-10-18 14:20:00,
889,53150,2023-10-18 14:30:00,
890,53151,2023-10-18 14:40:00,
891,53152,2023-10-18 14:50:00,
892,53153,2023-10-18 15:00:00,
893,53154,2023-10-18 15:10:00,
894,53155,2023-10-18 15:20:00,
895,53156,2023-10-18 15:30:00,
896,53157,2023-10-18 15:40:00,
897,53158,2023-10-18 15:50:00,
898,53159,2023-10-18 16:00:00,
899,53160,2023-10-18 16:10:00,
900,53161,2023-10-18 16:20:00,
901,53162,2023-10-18 16:30:00,
902,53163,2023-10-18 16:40:00,
903,53164,2023-10-18 16:50:00,
904,53165,2023-10-18 17:00:00,
905,53166,2023-10-18 17:10:00,
906,53167,2023-10-18 17:20:00,
907,53168,2023-10-18 17:30:00,
908,53169,2023-10-18 17:40:00,
909,53170,2023-10-18 17:50:00,
910,53171,2023-10-18 18:00:00,
911,53172,2023-10-18 18:10:00,
912,53173,2023-10-18 18:20:00,
913,53174,2023-10-18 18:30:00,
914,53175,2023-10-18 18:40:00,
915,53176,2023-10-18 18:50:00,
916,53177,2023-10-18 19:00:00,
917,53178,2023-10-18 19:10:00,
918,53179,2023-10-18 19:20:00,
919,53180,2023-10-18 19:30:00,
920,53181,2023-10-18 19:40:00,
921,53182,2023-10-18 19:50:00,
922,53183,2023-10-18 20:00:00,
923,53184,2023-10-18 20:10:00,
924,53185,2023-10-18 20:20:00,
925,53186,2023-10-18 20:30:00,
926,53187,2023-10-18 20:40:00,
927,53188,2023-10-18 20:50:00,
928,53189,2023-10-18 21:00:00,
929,53190,2023-10-18 21:10:00,
930,53191,2023-10-18 21:20:00,
931,53192,2023-10-18 21:30:00,
932,53193,2023-10-18 21:40:00,
933,53194,2023-10-18 21:50:00,
934,53195,2023-10-18 22:00:00,
935,53196,2023-10-18 22:10:00,
936,53197,2023-10-18 22:20:00,
937,53198,2023-10-18 22:30:00,
938,53199,2023-10-18 22:40:00,
939,53200,2023-10-18 22:50:00,
940,53201,2023-10-18 23:00:00,
941,53202,2023-10-18 23:10:00,
942,53203,2023-10-18 23:20:00,
943,53204,2023-10-18 23:30:00,
944,53205,2023-10-18 23:40:00,
945,53206,2023-10-18 23:50:00,
946,53207,2023-10-19 00:00:00,
947,53208,2023-10-19 00:10:00,
948,53209,2023-10-19 00:20:00,
949,53210,2023-10-19 00:30:00,
950,53211,2023-10-19 00:40:00,
951,53212,2023-10-19 00:50:00,
952,53213,2023-10-19 01:00:00,
953,53214,2023-10-19 01:10:00,
954,53215,2023-10-19 01:20:00,
955,53216,2023-10-19 01:30:00,
956,53217,2023-10-19 01:40:00,
957,53218,2023-10-19 01:50:00,
958,53219,2023-10-19 02:00:00,
959,53220,2023-10-19 02:10:00,
960,53221,2023-10-19 02:20:00,
961,53222,2023-10-19 02:30:00,
962,53223,2023-10-19 02:40:00,
963,53224,2023-10-19 02:50:00,
964,53225,2023-10-19 03:00:00,
965,53226,2023-10-19 03:10:00,
966,53227,2023-10-19 03:20:00,
967,53228,2023-10-19 03:30:00,
968,53229,2023-10-19 03:40:00,
969,53230,2023-10-19 03:50:00,
970,53231,2023-10-19 04:00:00,
971,53232,2023-10-19 04:10:00,
972,53233,2023-10-19 04:20:00,
973,53234,2023-10-19 04:30:00,
974,53235,2023-10-19 04:40:00,
975,53236,2023-10-19 04:50:00,
976,53237,2023-10-19 05:00:00,
977,53238,2023-10-19 05:10:00,
978,53239,2023-10-19 05:20:00,
979,53240,2023-10-19 05:30:00,
980,53241,2023-10-19 05:40:00,
981,53242,2023-10-19 05:50:00,
982,53243,2023-10-19 06:00:00,
983,53244,2023-10-19 06:10:00,
984,53245,2023-10-19 06:20:00,
985,53246,2023-10-19 06:30:00,
986,53247,2023-10-19 06:40:00,
987,53248,2023-10-19 06:50:00,
988,53249,2023-10-19 07:00:00,2023-10-19 07:40:00
989,53250,2023-10-19 07:10:00,
990,53251,2023-10-19 07:20:00,
991,53252,2023-10-19 07:30:00,
992,53253,2023-10-19 07:40:00,
993,53254,2023-10-19 07:50:00,
994,53255,2023-10-19 08:00:00,
995,53256,2023-10-19 08:10:00,
996,53257,2023-10-19 08:20:00,
997,53258,2023-10-19 08:30:00,
998,53259,2023-10-19 08:40:00,
999,53260,2023-10-19 08:50:00,2023-10-19 09:30:00
1000,53261,2023-10-19 09:00:00,2023-10-19 09:40:00
1001,53262,2023-10-19 09:10:00,2023-10-19 09:50:00
1002,53263,2023-10-19 09:20:00,2023-10-19 10:00:00
1003,53264,2023-10-19 09:30:00,2023-10-19 10:10:00
1004,53265,2023-10-19 09:40:00,2023-10-19 10:20:00
1005,53266,2023-10-19 09:50:00,2023-10-19 10:30:00
1006,53267,2023-10-19 10:00:00,2023-10-19 10:40:00
1007,53268,2023-10-19 10:10:00,2023-10-19 10:50:00
1008,53269,2023-10-19 10:20:00,2023-10-19 11:00:00
1009,53270,2023-10-19 10:30:00,
1010,53271,2023-10-19 10:40:00,2023-10-19 11:20:00
1011,53272,2023-10-19 10:50:00,2023-10-19 11:30:00
1012,53273,2023-10-19 11:00:00,2023-10-19 11:40:00
1013,53274,2023-10-19 11:10:00,
1014,53275,2023-10-19 11:20:00,
1015,53276,2023-10-19 11:30:00,
1016,53277,2023-10-19 11:40:00,
1017,53278,2023-10-19 11:50:00,
1018,53279,2023-10-19 12:00:00,
1019,53280,2023-10-19 12:10:00,
1020,53281,2023-10-19 12:20:00,
1021,53282,2023-10-19 12:30:00,
1022,53283,2023-10-19 12:40:00,
1023,53284,2023-10-19 12:50:00,
1024,53285,2023-10-19 13:00:00,
1025,53286,2023-10-19 13:10:00,
1026,53287,2023-10-19 13:20:00,
1027,53288,2023-10-19 13:30:00,
1028,53289,2023-10-19 13:40:00,
1029,53290,2023-10-19 13:50:00,
1030,53291,2023-10-19 14:00:00,
1031,53292,2023-10-19 14:10:00,
1032,53293,2023-10-19 14:20:00,
1033,53294,2023-10-19 14:30:00,
1034,53295,2023-10-19 14:40:00,
1035,53296,2023-10-19 14:50:00,
1036,53297,2023-10-19 15:00:00,
1037,53298,2023-10-19 15:10:00,
1038,53299,2023-10-19 15:20:00,
1039,53300,2023-10-19 15:30:00,
1040,53301,2023-10-19 15:40:00,
1041,53302,2023-10-19 15:50:00,
1042,53303,2023-10-19 16:00:00,
1043,53304,2023-10-19 16:10:00,
1044,53305,2023-10-19 16:20:00,
1045,53306,2023-10-19 16:30:00,
1046,53307,2023-10-19 16:40:00,
1047,53308,2023-10-19 16:50:00,
1048,53309,2023-10-19 17:00:00,
1049,53310,2023-10-19 17:10:00,
1050,53311,2023-10-19 17:20:00,
1051,53312,2023-10-19 17:30:00,
1052,53313,2023-10-19 17:40:00,
1053,53314,2023-10-19 17:50:00,
1054,53315,2023-10-19 18:00:00,
1055,53316,2023-10-19 18:10:00,
1056,53317,2023-10-19 18:20:00,
1057,53318,2023-10-19 18:30:00,
1058,53319,2023-10-19 18:40:00,
1059,53320,2023-10-19 18:50:00,
1060,53321,2023-10-19 19:00:00,
1061,53322,2023-10-19 19:10:00,
1062,53323,2023-10-19 19:20:00,
1063,53324,2023-10-19 19:30:00,
1064,53325,2023-10-19 19:40:00,
1065,53326,2023-10-19 19:50:00,
1066,53327,2023-10-19 20:00:00,
1067,53328,2023-10-19 20:10:00,
1068,53329,2023-10-19 20:20:00,
1069,53330,2023-10-19 20:30:00,
1070,53331,2023-10-19 20:40:00,
1071,53332,2023-10-19 20:50:00,
1072,53333,2023-10-19 21:00:00,
1073,53334,2023-10-19 21:10:00,
1074,53335,2023-10-19 21:20:00,
1075,53336,2023-10-19 21:30:00,
1076,53337,2023-10-19 21:40:00,
1077,53338,2023-10-19 21:50:00,
1078,53339,2023-10-19 22:00:00,
1079,53340,2023-10-19 22:10:00,
1080,53341,2023-10-19 22:20:00,
1081,53342,2023-10-19 22:30:00,
1082,53343,2023-10-19 22:40:00,
1083,53344,2023-10-19 22:50:00,
1084,53345,2023-10-19 23:00:00,
1085,53346,2023-10-19 23:10:00,
1086,53347,2023-10-19 23:20:00,
1087,53348,2023-10-19 23:30:00,
1088,53349,2023-10-19 23:40:00,
1089,53350,2023-10-19 23:50:00,
1090,53351,2023-10-20 00:00:00,
1091,53352,2023-10-20 00:10:00,
1092,53353,2023-10-20 00:20:00,
1093,53354,2023-10-20 00:30:00,
1094,53355,2023-10-20 00:40:00,
1095,53356,2023-10-20 00:50:00,
1096,53357,2023-10-20 01:00:00,
1097,53358,2023-10-20 01:10:00,
1098,53359,2023-10-20 01:20:00,
1099,53360,2023-10-20 01:30:00,
1100,53361,2023-10-20 01:40:00,
1101,53362,2023-10-20 01:50:00,
1102,53363,2023-10-20 02:00:00,
1103,53364,2023-10-20 02:10:00,
1104,53365,2023-10-20 02:20:00,
1105,53366,2023-10-20 02:30:00,
1106,53367,2023-10-20 02:40:00,
1107,53368,2023-10-20 02:50:00,
1108,53369,2023-10-20 03:00:00,
1109,53370,2023-10-20 03:10:00,
1110,53371,2023-10-20 03:20:00,
1111,53372,2023-10-20 03:30:00,
1112,53373,2023-10-20 03:40:00,
1113,53374,2023-10-20 03:50:00,
1114,53375,2023-10-20 04:00:00,
1115,53376,2023-10-20 04:10:00,
1116,53377,2023-10-20 04:20:00,
1117,53378,2023-10-20 04:30:00,
1118,53379,2023-10-20 04:40:00,
1119,53380,2023-10-20 04:50:00,
1120,53381,2023-10-20 05:00:00,
1121,53382,2023-10-20 05:10:00,
1122,53383,2023-10-20 05:20:00,
1123,53384,2023-10-20 05:30:00,
1124,53385,2023-10-20 05:40:00,
1125,53386,2023-10-20 05:50:00,
1126,53387,2023-10-20 06:00:00,
1127,53388,2023-10-20 06:10:00,
1128,53389,2023-10-20 06:20:00,
1129,53390,2023-10-20 06:30:00,
1130,53391,2023-10-20 06:40:00,
1131,53392,2023-10-20 06:50:00,
1132,53393,2023-10-20 07:00:00,
1133,53394,2023-10-20 07:10:00,
1134,53395,2023-10-20 07:20:00,
1135,53396,2023-10-20 07:30:00,
1136,53397,2023-10-20 07:40:00,
1137,53398,2023-10-20 07:50:00,
1138,53399,2023-10-20 08:00:00,
1139,53400,2023-10-20 08:10:00,
1140,53401,2023-10-20 08:20:00,
1141,53402,2023-10-20 08:30:00,
1142,53403,2023-10-20 08:40:00,
1143,53404,2023-10-20 08:50:00,
1144,53405,2023-10-20 09:00:00,
1145,53406,2023-10-20 09:10:00,
1146,53407,2023-10-20 09:20:00,
1147,53408,2023-10-20 09:30:00,
1148,53409,2023-10-20 09:40:00,
1149,53410,2023-10-20 09:50:00,
1150,53411,2023-10-20 10:00:00,
1151,53412,2023-10-20 10:10:00,
1152,53413,2023-10-20 10:20:00,
1153,53414,2023-10-20 10:30:00,
1154,53415,2023-10-20 10:40:00,
1155,53416,2023-10-20 10:50:00,
1156,53417,2023-10-20 11:00:00,
1157,53418,2023-10-20 11:10:00,
1158,53419,2023-10-20 11:20:00,
1159,53420,2023-10-20 11:30:00,
1160,53421,2023-10-20 11:40:00,
1161,53422,2023-10-20 11:50:00,
1162,53423,2023-10-20 12:00:00,
1163,53424,2023-10-20 12:10:00,
1164,53425,2023-10-20 12:20:00,
1165,53426,2023-10-20 12:30:00,
1166,53427,2023-10-20 12:40:00,
1167,53428,2023-10-20 12:50:00,
1168,53429,2023-10-20 13:00:00,
1169,53430,2023-10-20 13:10:00,
1170,53431,2023-10-20 13:20:00,
1171,53432,2023-10-20 13:30:00,2023-10-20 14:10:00
1172,53433,2023-10-20 13:40:00,
1173,53434,2023-10-20 13:50:00,
1174,53435,2023-10-20 14:00:00,
1175,53436,2023-10-20 14:10:00,
1176,53437,2023-10-20 14:20:00,
1177,53438,2023-10-20 14:30:00,
1178,53439,2023-10-20 14:40:00,
1179,53440,2023-10-20 14:50:00,
1180,53441,2023-10-20 15:00:00,
1181,53442,2023-10-20 15:10:00,
1182,53443,2023-10-20 15:20:00,
1183,53444,2023-10-20 15:30:00,
1184,53445,2023-10-20 15:40:00,
1185,53446,2023-10-20 15:50:00,
1186,53447,2023-10-20 16:00:00,
1187,53448,2023-10-20 16:10:00,
1188,53449,2023-10-20 16:20:00,
1189,53450,2023-10-20 16:30:00,
1190,53451,2023-10-20 16:40:00,
1191,53452,2023-10-20 16:50:00,
1192,53453,2023-10-20 17:00:00,
1193,53454,2023-10-20 17:10:00,
1194,53455,2023-10-20 17:20:00,
1195,53456,2023-10-20 17:30:00,
1196,53457,2023-10-20 17:40:00,
1197,53458,2023-10-20 17:50:00,
1198,53459,2023-10-20 18:00:00,
1199,53460,2023-10-20 18:10:00,
1200,53461,2023-10-20 18:20:00,
1201,53462,2023-10-20 18:30:00,
1202,53463,2023-10-20 18:40:00,
1203,53464,2023-10-20 18:50:00,
1204,53465,2023-10-20 19:00:00,
1205,53466,2023-10-20 19:10:00,
1206,53467,2023-10-20 19:20:00,
1207,53468,2023-10-20 19:30:00,
1208,53469,2023-10-20 19:40:00,
1209,53470,2023-10-20 19:50:00,
1210,53471,2023-10-20 20:00:00,
1211,53472,2023-10-20 20:10:00,
1212,53473,2023-10-20 20:20:00,
1213,53474,2023-10-20 20:30:00,
1214,53475,2023-10-20 20:40:00,
1215,53476,2023-10-20 20:50:00,
1216,53477,2023-10-20 21:00:00,
1217,53478,2023-10-20 21:10:00,
1218,53479,2023-10-20 21:20:00,
1219,53480,2023-10-20 21:30:00,
1220,53481,2023-10-20 21:40:00,
1221,53482,2023-10-20 21:50:00,
1222,53483,2023-10-20 22:00:00,
1223,53484,2023-10-20 22:10:00,
1224,53485,2023-10-20 22:20:00,
1225,53486,2023-10-20 22:30:00,
1226,53487,2023-10-20 22:40:00,
1227,53488,2023-10-20 22:50:00,
1228,53489,2023-10-20 23:00:00,
1229,53490,2023-10-20 23:10:00,
1230,53491,2023-10-20 23:20:00,2023-10-21 00:00:00
1231,53492,2023-10-20 23:30:00,2023-10-21 00:10:00
1232,53493,2023-10-20 23:40:00,2023-10-21 00:20:00
1233,53494,2023-10-20 23:50:00,
1234,53495,2023-10-21 00:00:00,
1235,53496,2023-10-21 00:10:00,
1236,53497,2023-10-21 00:20:00,
1237,53498,2023-10-21 00:30:00,
1238,53499,2023-10-21 00:40:00,
1239,53500,2023-10-21 00:50:00,
1240,53501,2023-10-21 01:00:00,
1241,53502,2023-10-21 01:10:00,
1242,53503,2023-10-21 01:20:00,
1243,53504,2023-10-21 01:30:00,
1244,53505,2023-10-21 01:40:00,
1245,53506,2023-10-21 01:50:00,
1246,53507,2023-10-21 02:00:00,
1247,53508,2023-10-21 02:10:00,
1248,53509,2023-10-21 02:20:00,
1249,53510,2023-10-21 02:30:00,
1250,53511,2023-10-21 02:40:00,
1251,53512,2023-10-21 02:50:00,
1252,53513,2023-10-21 03:00:00,
1253,53514,2023-10-21 03:10:00,
1254,53515,2023-10-21 03:20:00,
1255,53516,2023-10-21 03:30:00,
1256,53517,2023-10-21 03:40:00,
1257,53518,2023-10-21 03:50:00,
1258,53519,2023-10-21 04:00:00,
1259,53520,2023-10-21 04:10:00,
1260,53521,2023-10-21 04:20:00,
1261,53522,2023-10-21 04:30:00,
1262,53523,2023-10-21 04:40:00,
1263,53524,2023-10-21 04:50:00,
1264,53525,2023-10-21 05:00:00,
1265,53526,2023-10-21 05:10:00,
1266,53527,2023-10-21 05:20:00,
1267,53528,2023-10-21 05:30:00,
1268,53529,2023-10-21 05:40:00,
1269,53530,2023-10-21 05:50:00,
1270,53531,2023-10-21 06:00:00,
1271,53532,2023-10-21 06:10:00,
1272,53533,2023-10-21 06:20:00,
1273,53534,2023-10-21 06:30:00,
1274,53535,2023-10-21 06:40:00,
1275,53536,2023-10-21 06:50:00,
1276,53537,2023-10-21 07:00:00,
1277,53538,2023-10-21 07:10:00,
1278,53539,2023-10-21 07:20:00,
1279,53540,2023-10-21 07:30:00,
1280,53541,2023-10-21 07:40:00,
1281,53542,2023-10-21 07:50:00,
1282,53543,2023-10-21 08:00:00,
1283,53544,2023-10-21 08:10:00,
1284,53545,2023-10-21 08:20:00,
1285,53546,2023-10-21 08:30:00,
1286,53547,2023-10-21 08:40:00,
1287,53548,2023-10-21 08:50:00,
1288,53549,2023-10-21 09:00:00,
1289,53550,2023-10-21 09:10:00,
1290,53551,2023-10-21 09:20:00,
1291,53552,2023-10-21 09:30:00,
1292,53553,2023-10-21 09:40:00,
1293,53554,2023-10-21 09:50:00,
1294,53555,2023-10-21 10:00:00,
1295,53556,2023-10-21 10:10:00,
1296,53557,2023-10-21 10:20:00,
1297,53558,2023-10-21 10:30:00,
1298,53559,2023-10-21 10:40:00,
1299,53560,2023-10-21 10:50:00,
1300,53561,2023-10-21 11:00:00,
1301,53562,2023-10-21 11:10:00,
1302,53563,2023-10-21 11:20:00,
1303,53564,2023-10-21 11:30:00,
1304,53565,2023-10-21 11:40:00,
1305,53566,2023-10-21 11:50:00,
1306,53567,2023-10-21 12:00:00,
1307,53568,2023-10-21 12:10:00,
1308,53569,2023-10-21 12:20:00,
1309,53570,2023-10-21 12:30:00,
1310,53571,2023-10-21 12:40:00,
1311,53572,2023-10-21 12:50:00,
1312,53573,2023-10-21 13:00:00,
1313,53574,2023-10-21 13:10:00,
1314,53575,2023-10-21 13:20:00,
1315,53576,2023-10-21 13:30:00,
1316,53577,2023-10-21 13:40:00,
1317,53578,2023-10-21 13:50:00,
1318,53579,2023-10-21 14:00:00,
1319,53580,2023-10-21 14:10:00,
1320,53581,2023-10-21 14:20:00,2023-10-21 15:00:00
1321,53582,2023-10-21 14:30:00,2023-10-21 15:10:00
1322,53583,2023-10-21 14:40:00,2023-10-21 15:20:00
1323,53584,2023-10-21 14:50:00,
1324,53585,2023-10-21 15:00:00,
1325,53586,2023-10-21 15:10:00,
1326,53587,2023-10-21 15:20:00,
1327,53588,2023-10-21 15:30:00,
1328,53589,2023-10-21 15:40:00,
1329,53590,2023-10-21 15:50:00,
1330,53591,2023-10-21 16:00:00,
1331,53592,2023-10-21 16:10:00,
1332,53593,2023-10-21 16:20:00,
1333,53594,2023-10-21 16:30:00,
1334,53595,2023-10-21 16:40:00,
1335,53596,2023-10-21 16:50:00,
1336,53597,2023-10-21 17:00:00,
1337,53598,2023-10-21 17:10:00,
1338,53599,2023-10-21 17:20:00,
1339,53600,2023-10-21 17:30:00,
1340,53601,2023-10-21 17:40:00,
1341,53602,2023-10-21 17:50:00,
1342,53603,2023-10-21 18:00:00,
1343,53604,2023-10-21 18:10:00,
1344,53605,2023-10-21 18:20:00,
1345,53606,2023-10-21 18:30:00,
1346,53607,2023-10-21 18:40:00,
1347,53608,2023-10-21 18:50:00,
1348,53609,2023-10-21 19:00:00,
1349,53610,2023-10-21 19:10:00,
1350,53611,2023-10-21 19:20:00,
1351,53612,2023-10-21 19:30:00,
1352,53613,2023-10-21 19:40:00,
1353,53614,2023-10-21 19:50:00,
1354,53615,2023-10-21 20:00:00,
1355,53616,2023-10-21 20:10:00,
1356,53617,2023-10-21 20:20:00,
1357,53618,2023-10-21 20:30:00,
1358,53619,2023-10-21 20:40:00,
1359,53620,2023-10-21 20:50:00,
1360,53621,2023-10-21 21:00:00,
1361,53622,2023-10-21 21:10:00,
1362,53623,2023-10-21 21:20:00,
1363,53624,2023-10-21 21:30:00,
1364,53625,2023-10-21 21:40:00,
1365,53626,2023-10-21 21:50:00,
1366,53627,2023-10-21 22:00:00,
1367,53628,2023-10-21 22:10:00,
1368,53629,2023-10-21 22:20:00,
1369,53630,2023-10-21 22:30:00,
1370,53631,2023-10-21 22:40:00,
1371,53632,2023-10-21 22:50:00,
1372,53633,2023-10-21 23:00:00,
1373,53634,2023-10-21 23:10:00,
1374,53635,2023-10-21 23:20:00,
1375,53636,2023-10-21 23:30:00,
1376,53637,2023-10-21 23:40:00,
1377,53638,2023-10-21 23:50:00,
1378,53639,2023-10-22 00:00:00,
1379,53640,2023-10-22 00:10:00,
1380,53641,2023-10-22 00:20:00,
1381,53642,2023-10-22 00:30:00,
1382,53643,2023-10-22 00:40:00,
1383,53644,2023-10-22 00:50:00,
1384,53645,2023-10-22 01:00:00,
1385,53646,2023-10-22 01:10:00,
1386,53647,2023-10-22 01:20:00,
1387,53648,2023-10-22 01:30:00,
1388,53649,2023-10-22 01:40:00,
1389,53650,2023-10-22 01:50:00,
1390,53651,2023-10-22 02:00:00,
1391,53652,2023-10-22 02:10:00,
1392,53653,2023-10-22 02:20:00,
1393,53654,2023-10-22 02:30:00,
1394,53655,2023-10-22 02:40:00,
1395,53656,2023-10-22 02:50:00,
1396,53657,2023-10-22 03:00:00,
1397,53658,2023-10-22 03:10:00,
1398,53659,2023-10-22 03:20:00,
1399,53660,2023-10-22 03:30:00,
1400,53661,2023-10-22 03:40:00,
1401,53662,2023-10-22 03:50:00,
1402,53663,2023-10-22 04:00:00,
1403,53664,2023-10-22 04:10:00,2023-10-22 04:50:00
1404,53665,2023-10-22 04:20:00,2023-10-22 05:00:00
1405,53666,2023-10-22 04:30:00,
1406,53667,2023-10-22 04:40:00,
1407,53668,2023-10-22 04:50:00,
1408,53669,2023-10-22 05:00:00,
1409,53670,2023-10-22 05:10:00,
1410,53671,2023-10-22 05:20:00,
1411,53672,2023-10-22 05:30:00,
1412,53673,2023-10-22 05:40:00,
1413,53674,2023-10-22 05:50:00,
1414,53675,2023-10-22 06:00:00,
1415,53676,2023-10-22 06:10:00,
1416,53677,2023-10-22 06:20:00,
1417,53678,2023-10-22 06:30:00,
1418,53679,2023-10-22 06:40:00,
1419,53680,2023-10-22 06:50:00,
1420,53681,2023-10-22 07:00:00,
1421,53682,2023-10-22 07:10:00,
1422,53683,2023-10-22 07:20:00,2023-10-22 08:00:00
1423,53684,2023-10-22 07:30:00,
1424,53685,2023-10-22 07:40:00,
1425,53686,2023-10-22 07:50:00,
1426,53687,2023-10-22 08:00:00,
1427,53688,2023-10-22 08:10:00,
1428,53689,2023-10-22 08:20:00,
1429,53690,2023-10-22 08:30:00,
1430,53691,2023-10-22 08:40:00,
1431,53692,2023-10-22 08:50:00,
1432,53693,2023-10-22 09:00:00,
1433,53694,2023-10-22 09:10:00,
1434,53695,2023-10-22 09:20:00,
1435,53696,2023-10-22 09:30:00,
1436,53697,2023-10-22 09:40:00,
1437,53698,2023-10-22 09:50:00,
1438,53699,2023-10-22 10:00:00,
1439,53700,2023-10-22 10:10:00,
